<?xml version="1.0" encoding="UTF-8"?>
<project-private xmlns="http://www.netbeans.org/ns/project-private/1">
    <editor-bookmarks xmlns="http://www.netbeans.org/ns/editor-bookmarks/2" lastBookmarkId="0"/>
    <open-files xmlns="http://www.netbeans.org/ns/projectui-open-files/2">
        <group>
            <file>file:/home/seekerscloud/Downloads/i/ThogaKade7%20Transaction%20Completed%20(1)/ThogaKade/src/lk/ijse/thogakade/db/DBConnection.java</file>
            <file>file:/home/seekerscloud/Downloads/i/ThogaKade7%20Transaction%20Completed%20(1)/ThogaKade/src/lk/ijse/thogakade/view/ViewCustomerForm.java</file>
            <file>file:/home/seekerscloud/Downloads/i/ThogaKade7%20Transaction%20Completed%20(1)/ThogaKade/src/lk/ijse/thogakade/view/SearchCustomerForm.java</file>
            <file>file:/home/seekerscloud/Downloads/i/ThogaKade7%20Transaction%20Completed%20(1)/ThogaKade/src/lk/ijse/thogakade/view/OrderForm.java</file>
        </group>
    </open-files>
</project-private>
